ProfileNo,GPS_Epoch_UTC,CTD_C,CTD_T,CTD_D,Optode_O2,Optode_Temp,Optode_Cal_Ph,Optode_Tc_Ph,Optode_C1_Ph,Optode_C2_Ph,Optode_C1_Amp,Optode_C2_Amp,Optode_Temp_raw,Wetlab_C1_lambda,Wetlab_C1_signal,Wetlab_C2_lambda,Wetlab_C2_signal,Wetlab_C3_lambda,Wetlab_C3_signal,Wetlab_Therm
0,1459511846,0.000030,23.842800,6.320000,267.307007,23.124001,30.827000,30.827000,38.757999,7.931000,939.799988,994.799988,215.100006,695,50,700,61,460,63,538
1,1459511853,0.000030,23.842300,10.050000,267.223999,23.125999,30.829000,30.829000,38.758999,7.930000,939.700012,994.000000,215.000000,695,45,700,59,460,58,538
2,1459511857,0.000020,23.840300,10.830000,267.233002,23.127001,30.827999,30.827999,38.756001,7.928000,939.599976,992.900024,215.000000,695,42,700,60,460,57,538
3,1459511861,0.000020,23.839300,12.410000,267.239990,23.129000,30.827000,30.827000,38.756001,7.928000,939.500000,992.400024,214.899994,695,49,700,67,460,69,538
4,1459511865,0.000020,23.837900,13.300000,267.212006,23.131001,30.827999,30.827999,38.756001,7.928000,939.500000,992.000000,214.899994,695,43,700,63,460,64,538
5,1459511869,0.000020,23.836500,13.820000,267.203003,23.132999,30.827000,30.827000,38.756001,7.928000,939.500000,991.799988,214.800003,695,49,700,63,460,57,538
6,1459511873,0.000020,23.835800,13.970000,267.243988,23.135000,30.825001,30.825001,38.755001,7.930000,939.500000,991.400024,214.699997,695,52,700,63,460,53,537
7,1459511877,0.000020,23.834801,15.240000,267.278992,23.136999,30.823000,30.823000,38.752998,7.931000,939.400024,991.200012,214.699997,695,54,700,59,460,43,537
8,1459511881,0.000020,23.834400,15.930000,267.208008,23.139999,30.823999,30.823999,38.754002,7.930000,939.400024,991.000000,214.600006,695,45,700,65,460,47,537
9,1459511885,0.000020,23.833200,16.260000,267.213013,23.142000,30.823000,30.823000,38.756001,7.932000,939.299988,990.799988,214.500000,695,49,700,57,460,60,537
10,1459511889,0.000020,23.833099,16.129999,267.140991,23.143999,30.825001,30.825001,38.756001,7.931000,939.299988,990.599976,214.399994,695,49,700,63,460,60,537
11,1459511893,0.000020,23.832701,16.270000,267.084991,23.146999,30.826000,30.826000,38.757999,7.931000,939.299988,990.400024,214.300003,695,48,700,63,460,46,537
12,1459511897,0.000020,23.831499,15.790000,267.113007,23.150000,30.823999,30.823999,38.755001,7.931000,939.200012,990.099976,214.300003,695,44,700,63,460,46,537
13,1459511901,0.000020,23.831800,15.670000,267.132996,23.153000,30.822001,30.822001,38.755001,7.933000,939.099976,990.000000,214.199997,695,50,700,62,460,49,537
14,1459511905,0.000020,23.831800,14.270000,267.096985,23.156000,30.822001,30.822001,38.755001,7.933000,939.200012,989.900024,214.100006,695,43,700,63,460,58,537
15,1459511909,0.000020,23.831301,12.340000,267.046997,23.159000,30.823000,30.823000,38.756001,7.933000,939.099976,989.700012,214.000000,695,51,700,67,460,68,537
16,1459511913,0.000020,23.830601,10.630000,266.984009,23.163000,30.823999,30.823999,38.756001,7.932000,939.099976,989.500000,213.899994,695,49,700,59,460,65534,537
17,1459511917,0.000020,23.830000,9.100000,267.036011,23.166000,30.820999,30.820999,38.755001,7.934000,939.099976,989.400024,213.800003,695,45,700,64,460,44,537
18,1459511921,0.000020,23.830000,7.870000,267.003998,23.170000,30.820000,30.820000,38.756001,7.935000,939.000000,989.200012,213.600006,695,49,700,65,460,66,537
19,1459511925,0.000020,23.829800,7.160000,267.039001,23.174000,30.818001,30.818001,38.751999,7.935000,938.900024,989.099976,213.500000,695,50,700,57,460,51,537
20,1459511929,0.000020,23.830200,6.480000,267.023987,23.177000,30.816999,30.816999,38.751999,7.935000,938.900024,989.000000,213.399994,695,49,700,56,460,35,537
21,1459511933,0.000020,23.830000,5.870000,266.980011,23.181000,30.816999,30.816999,38.752998,7.936000,938.799988,988.900024,213.300003,695,50,700,62,460,46,537
22,1459511937,0.000020,23.830799,5.290000,266.942993,23.184000,30.816999,30.816999,38.754002,7.936000,938.700012,988.700012,213.199997,695,49,700,60,460,62,537
23,1459511941,0.000020,23.830601,4.760000,266.989990,23.187000,30.813999,30.813999,38.751999,7.938000,938.700012,988.599976,213.100006,695,48,700,59,460,36,537
24,1459511945,0.000020,23.830200,4.270000,266.912994,23.191000,30.816000,30.816000,38.751999,7.937000,938.599976,988.500000,213.000000,695,50,700,65,460,51,537
25,1459511949,0.000020,23.829901,3.830000,266.946991,23.195000,30.813000,30.813000,38.750999,7.938000,938.599976,988.400024,212.899994,695,52,700,63,460,66,537
26,1459511953,0.000020,23.830900,3.410000,266.876007,23.198000,30.813999,30.813999,38.751999,7.938000,938.599976,988.200012,212.800003,695,45,700,62,460,61,537
27,1459511957,0.000020,23.830200,3.040000,266.876007,23.202000,30.813000,30.813000,38.750999,7.938000,938.500000,988.000000,212.600006,695,50,700,56,460,51,536
28,1459511961,0.000020,23.830200,2.690000,266.897003,23.205999,30.809999,30.809999,38.749001,7.939000,938.500000,988.000000,212.500000,695,51,700,60,460,58,537
29,1459511965,0.000020,23.830500,2.380000,266.789001,23.209999,30.813000,30.813000,38.750999,7.938000,938.400024,987.900024,212.399994,695,50,700,64,460,45,536
30,1459511969,0.000020,23.830500,2.090000,266.816986,23.214001,30.809999,30.809999,38.750000,7.940000,938.400024,987.700012,212.300003,695,49,700,62,460,50,536
31,1459511973,0.000020,23.830500,1.820000,266.846008,23.218000,30.806999,30.806999,38.748001,7.941000,938.299988,987.700012,212.100006,695,48,700,62,460,39,536
32,1459511977,0.000020,23.830900,1.590000,266.799988,23.222000,30.808001,30.808001,38.749001,7.941000,938.200012,987.599976,212.000000,695,48,700,64,460,45,536
33,1459511981,0.000020,23.830601,1.380000,266.746002,23.226000,30.808001,30.808001,38.749001,7.940000,938.299988,987.599976,211.899994,695,51,700,57,460,35,537
34,1459511985,0.000020,23.832001,1.190000,266.683990,23.230000,30.809999,30.809999,38.750000,7.941000,938.200012,987.500000,211.800003,695,50,700,64,460,47,536
35,1459511989,0.000020,23.832001,1.010000,266.744995,23.233999,30.805000,30.805000,38.747002,7.941000,938.200012,987.299988,211.699997,695,45,700,65,460,51,536
36,1459511993,0.000020,23.831699,0.850000,266.790009,23.238001,30.802000,30.802000,38.744999,7.944000,938.099976,987.299988,211.500000,695,48,700,65,460,56,536
37,1459511997,0.000020,23.832001,0.710000,266.720001,23.240999,30.802999,30.802999,38.744999,7.942000,938.000000,987.200012,211.399994,695,43,700,59,460,53,536
38,1459512001,0.000020,23.831699,0.580000,266.737000,23.246000,30.801001,30.801001,38.743999,7.943000,938.000000,987.099976,211.300003,695,52,700,63,460,64,536
39,1459512005,0.000020,23.832300,0.470000,266.683990,23.250000,30.801001,30.801001,38.743999,7.942000,937.900024,987.000000,211.199997,695,52,700,61,460,70,536
40,1459512009,0.000020,23.832001,0.370000,266.657990,23.254000,30.801001,30.801001,38.742001,7.942000,937.900024,986.900024,211.100006,695,49,700,60,460,75,536
41,1459512013,0.000020,23.832701,0.290000,266.696991,23.257999,30.798000,30.798000,38.741001,7.944000,937.799988,986.799988,210.899994,695,46,700,60,460,59,536
42,1459512017,0.000020,23.832899,0.220000,266.662994,23.261999,30.797001,30.797001,38.741001,7.943000,937.799988,986.799988,210.800003,695,45,700,57,460,58,536
43,1459512021,0.000020,23.833300,0.140000,266.597992,23.266001,30.798000,30.798000,38.742001,7.943000,937.700012,986.700012,210.699997,695,48,700,58,460,60,536
44,1459512025,0.000020,23.833599,0.070000,266.605988,23.270000,30.796000,30.796000,38.741001,7.944000,937.799988,986.700012,210.500000,695,49,700,61,460,49,536
45,1459512029,0.000020,23.833599,0.020000,266.541992,23.274000,30.797001,30.797001,38.742001,7.944000,937.700012,986.599976,210.399994,695,54,700,63,460,50,536
46,1459512033,0.000020,23.834000,-0.020000,266.522003,23.278000,30.797001,30.797001,38.742001,7.945000,937.599976,986.500000,210.300003,695,51,700,63,460,50,536
47,1459512037,0.000020,23.833300,-0.060000,266.484009,23.282000,30.797001,30.797001,38.740002,7.944000,937.700012,986.400024,210.199997,695,47,700,63,460,53,536
48,1459512041,0.000020,23.834499,-0.110000,266.523987,23.285999,30.792999,30.792999,38.737999,7.944000,937.599976,986.400024,210.100006,695,56,700,61,460,64,536
49,1459512045,0.000020,23.834801,-0.130000,266.500000,23.290001,30.792999,30.792999,38.738998,7.947000,937.599976,986.299988,209.899994,695,47,700,61,460,41,536
50,1459512049,0.000020,23.834801,-0.160000,266.462006,23.294001,30.792999,30.792999,38.738998,7.946000,937.500000,986.200012,209.800003,695,51,700,63,460,39,536
51,1459512053,0.000020,23.834801,-0.190000,266.463989,23.298000,30.791000,30.791000,38.736000,7.945000,937.500000,986.200012,209.699997,695,51,700,61,460,49,536
52,1459512057,0.000020,23.834900,-0.210000,266.415009,23.302000,30.791000,30.791000,38.737999,7.946000,937.400024,986.099976,209.500000,695,50,700,70,460,60,536
53,1459512061,0.000020,23.834900,-0.230000,266.385010,23.306000,30.791000,30.791000,38.737000,7.946000,937.400024,986.000000,209.399994,695,50,700,60,460,63,536
54,1459512065,0.000020,23.835899,-0.250000,266.359009,23.309999,30.790001,30.790001,38.737000,7.947000,937.299988,985.900024,209.300003,695,52,700,57,460,61,536
55,1459512069,0.000020,23.835199,-0.260000,266.356995,23.313999,30.789000,30.789000,38.737000,7.948000,937.299988,985.900024,209.199997,695,48,700,63,460,45,536
56,1459512073,0.000020,23.836399,-0.280000,266.378998,23.318001,30.785999,30.785999,38.734001,7.948000,937.299988,985.900024,209.100006,695,46,700,61,460,42,536
57,1459512077,0.000020,23.836300,-0.300000,266.319000,23.322001,30.787001,30.787001,38.734001,7.946000,937.200012,985.799988,208.899994,695,51,700,68,460,51,536
58,1459512081,0.000020,23.836800,-0.320000,266.311005,23.326000,30.785999,30.785999,38.734001,7.948000,937.200012,985.799988,208.800003,695,50,700,62,460,50,536
59,1459512085,0.000020,23.837299,-0.340000,266.312988,23.330000,30.784000,30.784000,38.733002,7.949000,937.099976,985.700012,208.699997,695,49,700,59,460,55,536
60,1459512089,0.000020,23.836599,-0.370000,266.296997,23.334000,30.784000,30.784000,38.730999,7.947000,937.099976,985.599976,208.600006,695,50,700,67,460,69,536
61,1459512093,0.000020,23.837400,-0.390000,266.234009,23.337999,30.785000,30.785000,38.731998,7.947000,937.000000,985.500000,208.399994,695,45,700,63,460,65,536
62,1459512097,0.000020,23.837200,-0.410000,266.226990,23.341999,30.783001,30.783001,38.730999,7.948000,937.000000,985.500000,208.300003,695,43,700,64,460,59,536
63,1459512101,0.000020,23.837799,-0.420000,266.174988,23.346001,30.784000,30.784000,38.731998,7.948000,937.000000,985.400024,208.199997,695,47,700,57,460,58,536
64,1459512105,0.000020,23.837700,-0.420000,266.153992,23.349001,30.783001,30.783001,38.730999,7.948000,936.900024,985.299988,208.100006,695,53,700,59,460,66,536
65,1459512109,0.000020,23.837700,-0.420000,266.231995,23.353001,30.778000,30.778000,38.727001,7.949000,936.900024,985.400024,208.000000,695,48,700,62,460,50,536
66,1459512113,0.000020,23.838301,-0.420000,266.171997,23.357000,30.778999,30.778999,38.727001,7.948000,936.799988,985.299988,207.899994,695,45,700,63,460,36,536
67,1459512117,0.000020,23.838301,-0.440000,266.190002,23.361000,30.777000,30.777000,38.726002,7.949000,936.799988,985.200012,207.699997,695,47,700,64,460,47,536
68,1459512121,0.000020,23.838800,-0.450000,266.132996,23.365000,30.778000,30.778000,38.727001,7.949000,936.700012,985.200012,207.600006,695,51,700,58,460,58,536
69,1459512125,0.000020,23.839001,-0.460000,266.091003,23.368999,30.778000,30.778000,38.727001,7.949000,936.700012,985.099976,207.500000,695,49,700,60,460,50,536
70,1459512129,0.000020,23.838800,-0.460000,266.087006,23.372999,30.775999,30.775999,38.726002,7.950000,936.599976,985.000000,207.399994,695,48,700,65,460,50,536
71,1459512133,0.000020,23.839399,-0.480000,266.036987,23.377001,30.777000,30.777000,38.727001,7.950000,936.599976,985.000000,207.199997,695,50,700,64,460,43,536
72,1459512137,0.000020,23.839500,-0.480000,266.118988,23.381001,30.771999,30.771999,38.723000,7.951000,936.599976,984.900024,207.100006,695,45,700,63,460,50,536
73,1459512141,0.000020,23.839500,-0.480000,266.032990,23.384001,30.774000,30.774000,38.724998,7.951000,936.500000,984.799988,207.000000,695,46,700,66,460,63,536
74,1459512145,0.000020,23.840000,-0.460000,265.981995,23.388000,30.775000,30.775000,38.723999,7.949000,936.500000,984.799988,206.899994,695,45,700,62,460,69,536
75,1459512149,0.000020,23.840500,-0.470000,265.967010,23.391001,30.774000,30.774000,38.724998,7.951000,936.400024,984.799988,206.800003,695,46,700,59,460,49,535
76,1459512153,0.000020,23.840500,-0.470000,265.981995,23.395000,30.771999,30.771999,38.723000,7.951000,936.400024,984.700012,206.699997,695,49,700,64,460,47,536
77,1459512157,0.000020,23.840401,-0.470000,265.955994,23.399000,30.771000,30.771000,38.722000,7.951000,936.299988,984.700012,206.500000,695,50,700,64,460,48,536
78,1459512161,0.000020,23.840900,-0.470000,265.903015,23.403000,30.771999,30.771999,38.723000,7.951000,936.299988,984.599976,206.399994,695,47,700,60,460,55,536
79,1459512165,0.000020,23.840900,-0.470000,265.928986,23.407000,30.768999,30.768999,38.720001,7.951000,936.299988,984.500000,206.300003,695,47,700,63,460,62,535
80,1459512169,0.000020,23.841499,-0.470000,265.869995,23.410999,30.770000,30.770000,38.721001,7.951000,936.299988,984.500000,206.199997,695,45,700,68,460,71,536
81,1459512173,0.000020,23.841600,-0.480000,265.872009,23.414000,30.768999,30.768999,38.721001,7.952000,936.200012,984.500000,206.100006,695,49,700,63,460,74,535
82,1459512177,0.000020,23.841499,-0.470000,265.906006,23.417999,30.766001,30.766001,38.719002,7.953000,936.200012,984.400024,206.000000,695,48,700,63,460,77,536
83,1459512181,0.000020,23.841700,-0.480000,265.829010,23.422001,30.767000,30.767000,38.719002,7.951000,936.099976,984.400024,205.800003,695,50,700,62,460,74,535
84,1459512185,0.000020,23.842300,-0.480000,265.785004,23.424999,30.768000,30.768000,38.720001,7.952000,936.099976,984.400024,205.699997,695,54,700,61,460,65,536
85,1459512189,0.000020,23.842300,-0.480000,265.800995,23.429001,30.766001,30.766001,38.717999,7.952000,936.099976,984.200012,205.600006,695,56,700,56,460,54,535
86,1459512193,0.000020,23.842300,-0.480000,265.803986,23.431999,30.764000,30.764000,38.717999,7.953000,936.000000,984.200012,205.500000,695,50,700,62,460,42,536
87,1459512197,0.000020,23.842800,-0.490000,265.782013,23.436001,30.764000,30.764000,38.715000,7.951000,936.099976,984.099976,205.399994,695,49,700,66,460,55,535
88,1459512201,0.000020,23.842800,-0.480000,265.781006,23.440001,30.761999,30.761999,38.716000,7.953000,936.000000,984.099976,205.300003,695,53,700,65,460,65,535
89,1459512205,0.000020,23.843500,-0.490000,265.765991,23.443001,30.761000,30.761000,38.714001,7.953000,935.900024,984.099976,205.199997,695,46,700,61,460,76,535
90,1459512209,0.000020,23.842899,-0.490000,265.718994,23.447001,30.761999,30.761999,38.715000,7.953000,935.900024,984.099976,205.100006,695,49,700,62,460,55,535
91,1459512213,0.000020,23.843901,-0.480000,265.761993,23.451000,30.759001,30.759001,38.713001,7.955000,935.900024,984.099976,204.899994,695,47,700,62,460,46,535
92,1459512217,0.000020,23.843399,-0.490000,265.700989,23.454000,30.760000,30.760000,38.714001,7.954000,935.799988,983.900024,204.800003,695,50,700,65,460,43,535
93,1459512221,0.000020,23.844101,-0.490000,265.707001,23.457001,30.757999,30.757999,38.712002,7.953000,935.799988,983.900024,204.699997,695,50,700,61,460,50,535
94,1459512225,0.000020,23.844200,-0.490000,265.667999,23.461000,30.757999,30.757999,38.712002,7.954000,935.900024,983.900024,204.600006,695,50,700,70,460,61,535
95,1459512229,0.000020,23.843901,-0.490000,265.652008,23.464001,30.757999,30.757999,38.713001,7.955000,935.700012,983.799988,204.500000,695,50,700,57,460,59,535
96,1459512233,0.000020,23.844500,-0.500000,265.589996,23.468000,30.759001,30.759001,38.713001,7.954000,935.700012,983.799988,204.399994,695,50,700,56,460,63,535
97,1459512237,0.000020,23.844700,-0.490000,265.587006,23.472000,30.757000,30.757000,38.710999,7.953000,935.700012,983.700012,204.300003,695,47,700,62,460,64,535
98,1459512241,0.000020,23.844801,-0.490000,265.595001,23.475000,30.756001,30.756001,38.709999,7.954000,935.599976,983.700012,204.199997,695,50,700,59,460,50,535
99,1459512245,0.000020,23.844500,-0.500000,265.537994,23.478001,30.757000,30.757000,38.710999,7.954000,935.599976,983.599976,204.100006,695,51,700,57,460,43,535
100,1459512249,0.000020,23.844400,-0.500000,265.516998,23.482000,30.756001,30.756001,38.710999,7.954000,935.599976,983.500000,204.000000,695,50,700,54,460,42,535
101,1459512253,0.000020,23.845200,-0.500000,265.489990,23.485001,30.756001,30.756001,38.709999,7.955000,935.599976,983.599976,203.899994,695,49,700,54,460,46,535
102,1459512257,0.000020,23.845900,-0.500000,265.523010,23.489000,30.753000,30.753000,38.709999,7.956000,935.500000,983.500000,203.800003,695,50,700,60,460,41,535
103,1459512261,0.000020,23.845600,-0.500000,265.481995,23.492001,30.753000,30.753000,38.708000,7.954000,935.500000,983.400024,203.699997,695,50,700,59,460,65,535
104,1459512265,0.000020,23.846600,-0.500000,265.394012,23.496000,30.756001,30.756001,38.709999,7.954000,935.400024,983.400024,203.600006,695,50,700,59,460,35,535
105,1459512269,0.000020,23.845301,-0.500000,265.541992,23.497999,30.747999,30.747999,38.705002,7.957000,935.400024,983.400024,203.500000,695,50,700,56,460,35,535
106,1459512273,0.000020,23.846600,-0.500000,265.412994,23.502001,30.753000,30.753000,38.707001,7.954000,935.299988,983.299988,203.399994,695,45,700,64,460,39,535
107,1459512277,0.000020,23.846300,-0.500000,265.438995,23.504999,30.750000,30.750000,38.706001,7.956000,935.299988,983.200012,203.300003,695,48,700,68,460,53,535
108,1459512281,0.000020,23.846300,-0.510000,265.415985,23.509001,30.750000,30.750000,38.703999,7.955000,935.200012,983.200012,203.199997,695,51,700,64,460,64,535
109,1459512285,0.000020,23.846600,-0.500000,265.377991,23.511999,30.750000,30.750000,38.705002,7.955000,935.200012,983.099976,203.100006,695,51,700,61,460,66,535
110,1459512289,0.000020,23.847099,-0.510000,265.425995,23.514000,30.747000,30.747000,38.702000,7.955000,935.200012,983.200012,203.000000,695,50,700,56,460,49,535
111,1459512293,0.000020,23.847200,-0.520000,265.401001,23.518000,30.747000,30.747000,38.702000,7.955000,935.200012,983.099976,202.899994,695,49,700,57,460,33,535
112,1459512297,0.000020,23.847500,-0.510000,265.385010,23.521000,30.746000,30.746000,38.702000,7.956000,935.200012,983.099976,202.800003,695,49,700,61,460,43,535
113,1459512301,0.000020,23.847300,-0.510000,265.342987,23.524000,30.746000,30.746000,38.702999,7.956000,935.099976,983.000000,202.699997,695,49,700,64,460,69,535
114,1459512305,0.000020,23.847900,-0.510000,265.343994,23.528000,30.745001,30.745001,38.701000,7.956000,935.099976,982.900024,202.600006,695,56,700,60,460,61,535
115,1459512309,0.000020,23.847401,-0.500000,265.341003,23.531000,30.743999,30.743999,38.701000,7.957000,935.000000,983.000000,202.500000,695,48,700,65,460,50,535
116,1459512313,0.000020,23.848000,-0.490000,265.286987,23.534000,30.745001,30.745001,38.701000,7.956000,935.000000,983.000000,202.399994,695,53,700,64,460,51,535
117,1459512317,0.000020,23.848301,-0.490000,265.265991,23.538000,30.743999,30.743999,38.702000,7.958000,935.000000,982.900024,202.300003,695,46,700,60,460,53,535
118,1459512321,0.000020,23.848101,-0.490000,265.212006,23.541000,30.745001,30.745001,38.702000,7.957000,935.099976,982.799988,202.199997,695,49,700,64,460,68,535
119,1459512325,0.000020,23.848301,-0.500000,265.210999,23.544001,30.743999,30.743999,38.702999,7.959000,935.000000,982.799988,202.100006,695,46,700,62,460,67,535
120,1459512329,0.000020,23.848801,-0.500000,265.269989,23.547001,30.740000,30.740000,38.699001,7.959000,934.900024,982.700012,202.000000,695,50,700,59,460,68,535
121,1459512333,0.000020,23.849199,-0.500000,265.213989,23.549999,30.740999,30.740999,38.699001,7.958000,934.900024,982.700012,201.899994,695,50,700,56,460,50,535
122,1459512337,0.000020,23.848801,-0.500000,265.234009,23.552999,30.739000,30.739000,38.698002,7.958000,934.900024,982.599976,201.800003,695,51,700,62,460,64,535
123,1459512341,0.000020,23.849001,-0.500000,265.217987,23.556000,30.739000,30.739000,38.696999,7.959000,934.799988,982.599976,201.699997,695,47,700,64,460,49,535
124,1459512345,0.000020,23.849300,-0.500000,265.195007,23.559000,30.738001,30.738001,38.696999,7.958000,934.700012,982.700012,201.600006,695,48,700,65,460,48,535
125,1459512349,0.000020,23.849199,-0.510000,265.157990,23.562000,30.739000,30.739000,38.698002,7.959000,934.700012,982.599976,201.500000,695,50,700,65,460,49,535
126,1459512353,0.000020,23.849600,-0.500000,265.114990,23.565001,30.739000,30.739000,38.696999,7.958000,934.700012,982.500000,201.399994,695,41,700,59,460,53,535
127,1459512357,0.000020,23.849501,-0.500000,265.045013,23.568001,30.740999,30.740999,38.698002,7.957000,934.700012,982.500000,201.300003,695,47,700,62,460,70,535
128,1459512361,0.000020,23.849701,-0.510000,265.104004,23.570999,30.737000,30.737000,38.695999,7.959000,934.599976,982.400024,201.199997,695,47,700,60,460,49,535
129,1459512365,0.000020,23.849701,-0.510000,265.082001,23.573999,30.737000,30.737000,38.695999,7.958000,934.599976,982.400024,201.100006,695,49,700,64,460,43,535
130,1459512369,0.000020,23.850000,-0.510000,265.093994,23.577000,30.735001,30.735001,38.695000,7.959000,934.599976,982.400024,201.000000,695,49,700,56,460,34,535
131,1459512373,0.000020,23.849800,-0.510000,265.053986,23.580000,30.736000,30.736000,38.693001,7.957000,934.500000,982.400024,200.899994,695,45,700,63,460,47,535
132,1459512377,0.000020,23.849800,-0.510000,265.118988,23.583000,30.732000,30.732000,38.691002,7.959000,934.500000,982.299988,200.800003,695,49,700,58,460,45,535
133,1459512381,0.000020,23.850000,-0.520000,265.015991,23.586000,30.735001,30.735001,38.694000,7.959000,934.500000,982.299988,200.800003,695,44,700,59,460,55,535
134,1459512385,0.000020,23.850000,-0.510000,265.006012,23.589001,30.733999,30.733999,38.693001,7.959000,934.400024,982.200012,200.699997,695,50,700,64,460,68,535
135,1459512389,0.000020,23.850100,-0.510000,265.010010,23.591999,30.733000,30.733000,38.692001,7.959000,934.400024,982.200012,200.600006,695,48,700,55,460,57,535
136,1459512393,0.000020,23.849701,-0.510000,264.972992,23.594999,30.733000,30.733000,38.693001,7.960000,934.299988,982.099976,200.500000,695,52,700,62,460,62,535
137,1459512397,0.000020,23.851101,-0.510000,264.988007,23.598000,30.731001,30.731001,38.691002,7.960000,934.400024,982.099976,200.399994,695,49,700,63,460,35,535
138,1459512401,0.000020,23.850500,-0.510000,264.963013,23.601000,30.731001,30.731001,38.692001,7.960000,934.299988,982.099976,200.300003,695,47,700,64,460,47,535
139,1459512405,0.000020,23.851101,-0.520000,264.967987,23.604000,30.730000,30.730000,38.689999,7.960000,934.299988,982.099976,200.199997,695,50,700,60,460,42,535
140,1459512409,0.000020,23.851299,-0.520000,264.894012,23.607000,30.732000,30.732000,38.692001,7.961000,934.299988,982.000000,200.100006,695,52,700,63,460,42,535
141,1459512413,0.000020,23.851299,-0.520000,264.855988,23.610001,30.732000,30.732000,38.689999,7.958000,934.299988,981.900024,200.000000,695,44,700,65,460,45,535
142,1459512417,0.000020,23.850500,-0.520000,264.890991,23.613001,30.729000,30.729000,38.688999,7.960000,934.200012,982.000000,199.899994,695,43,700,62,460,57,535
143,1459512421,0.000020,23.851000,-0.520000,264.886993,23.615000,30.729000,30.729000,38.689999,7.961000,934.200012,981.799988,199.800003,695,51,700,58,460,55,535
144,1459512425,0.000020,23.851101,-0.520000,264.838989,23.618000,30.730000,30.730000,38.689999,7.960000,934.200012,981.799988,199.800003,695,53,700,64,460,49,535
145,1459512429,0.000020,23.851601,-0.520000,264.809998,23.621000,30.730000,30.730000,38.689999,7.960000,934.099976,981.799988,199.699997,695,46,700,62,460,47,535
146,1459512433,0.000020,23.851400,-0.520000,264.858002,23.624001,30.726999,30.726999,38.688000,7.961000,934.099976,981.799988,199.600006,695,47,700,65,460,43,535
147,1459512437,0.000020,23.851400,-0.520000,264.851013,23.625999,30.726000,30.726000,38.688000,7.962000,934.099976,981.799988,199.500000,695,46,700,62,460,61,535
148,1459512441,0.000020,23.851400,-0.520000,264.785004,23.629000,30.726999,30.726999,38.688000,7.961000,934.000000,981.799988,199.399994,695,48,700,59,460,53,535
149,1459512445,0.000020,23.852200,-0.530000,264.738007,23.632000,30.728001,30.728001,38.688999,7.961000,934.000000,981.700012,199.300003,695,45,700,62,460,46,535
150,1459512449,0.000020,23.851801,-0.530000,264.800995,23.635000,30.724001,30.724001,38.687000,7.963000,934.000000,981.599976,199.199997,695,48,700,59,460,40,535
151,1459512453,0.000020,23.852100,-0.530000,264.785004,23.638000,30.724001,30.724001,38.685001,7.961000,934.000000,981.599976,199.100006,695,54,700,61,460,44,535
152,1459512457,0.000020,23.851700,-0.530000,264.776001,23.641001,30.723000,30.723000,38.686001,7.963000,933.900024,981.599976,199.100006,695,42,700,63,460,40,535
153,1459512461,0.000020,23.851601,-0.540000,264.763000,23.643999,30.722000,30.722000,38.686001,7.964000,934.000000,981.599976,199.000000,695,45,700,60,460,41,535
154,1459512465,0.000020,23.851801,-0.530000,264.733002,23.646999,30.723000,30.723000,38.685001,7.962000,933.900024,981.599976,198.899994,695,49,700,68,460,52,535
155,1459512469,0.000020,23.852800,-0.530000,264.743011,23.649000,30.721001,30.721001,38.685001,7.964000,933.900024,981.599976,198.800003,695,50,700,56,460,61,535
156,1459512680,0.000030,23.887300,-0.560000,264.455994,23.674999,30.723000,30.723000,38.672001,7.949000,934.200012,988.000000,198.000000,695,51,700,62,460,63,536
157,1459512700,0.000030,23.886400,-0.560000,264.536987,23.670000,30.721001,30.721001,38.671001,7.949000,934.200012,987.799988,198.199997,695,49,700,65,460,52,536
158,1459512720,0.000030,23.886400,-0.560000,264.548004,23.666000,30.722000,30.722000,38.674000,7.952000,934.200012,987.700012,198.300003,695,47,700,63,460,49,536
159,1459512740,0.000020,23.886600,-0.560000,264.550995,23.664000,30.723000,30.723000,38.674999,7.951000,934.200012,987.400024,198.300003,695,51,700,62,460,73,537
160,1459512760,0.000030,23.886900,-0.570000,264.593994,23.663000,30.722000,30.722000,38.675999,7.954000,934.200012,987.200012,198.399994,695,49,700,66,460,47,536
161,1459512780,0.000030,23.886700,-0.570000,264.535004,23.663000,30.724001,30.724001,38.678001,7.953000,934.200012,987.000000,198.399994,695,50,700,61,460,50,536
162,1459512800,0.000030,23.887899,-0.580000,264.569000,23.665001,30.722000,30.722000,38.676998,7.955000,934.200012,986.799988,198.300003,695,51,700,55,460,65,537
163,1459512820,0.000030,23.887899,-0.570000,264.558990,23.667000,30.722000,30.722000,38.678001,7.956000,934.200012,986.599976,198.300003,695,49,700,64,460,59,536
164,1459512840,0.000030,23.888201,-0.580000,264.496002,23.667999,30.724001,30.724001,38.680000,7.956000,934.099976,986.500000,198.199997,695,50,700,60,460,61,537
165,1459512860,0.000030,23.889099,-0.580000,264.471985,23.672001,30.723000,30.723000,38.679001,7.955000,934.099976,986.400024,198.100006,695,48,700,62,460,42,537
166,1459512880,0.000030,23.889200,-0.580000,264.476013,23.674999,30.722000,30.722000,38.680000,7.958000,934.000000,986.299988,198.000000,695,49,700,60,460,33,536
167,1459512900,0.000020,23.888901,-0.590000,264.496002,23.677999,30.719999,30.719999,38.678001,7.959000,934.000000,986.200012,197.899994,695,47,700,65,460,48,536
168,1459512920,0.000030,23.889799,-0.590000,264.463989,23.681999,30.719999,30.719999,38.680000,7.960000,934.000000,986.200012,197.800003,695,46,700,62,460,50,537
169,1459512940,0.000020,23.890100,-0.590000,264.417999,23.684999,30.719999,30.719999,38.679001,7.959000,933.900024,986.099976,197.699997,695,49,700,58,460,35,537
170,1459512960,0.000030,23.890100,-0.590000,264.380005,23.688000,30.721001,30.721001,38.678001,7.957000,933.900024,986.000000,197.600006,695,44,700,57,460,53,536
171,1459512980,0.000030,23.890400,-0.580000,264.352997,23.693001,30.719999,30.719999,38.679001,7.959000,933.900024,986.000000,197.399994,695,53,700,65,460,50,537
172,1459513000,0.000030,23.890301,-0.580000,264.341003,23.697001,30.719000,30.719000,38.679001,7.960000,933.900024,985.900024,197.300003,695,47,700,64,460,63,537
173,1459513020,0.000030,23.890100,-0.580000,264.265991,23.700001,30.721001,30.721001,38.680000,7.959000,933.799988,985.799988,197.199997,695,48,700,65,460,54,537
174,1459513040,0.000030,23.890900,-0.590000,264.334015,23.704000,30.716000,30.716000,38.676998,7.961000,933.799988,985.799988,197.100006,695,51,700,58,460,61,537
175,1459513060,0.000030,23.890301,-0.580000,264.398987,23.708000,30.712000,30.712000,38.674999,7.963000,933.700012,985.799988,197.000000,695,42,700,63,460,46,537
176,1459513080,0.000030,23.890900,-0.590000,264.343994,23.711000,30.712999,30.712999,38.674999,7.962000,933.700012,985.700012,196.899994,695,47,700,58,460,41,537
177,1459513100,0.000030,23.889799,-0.590000,264.321991,23.715000,30.712000,30.712000,38.674000,7.962000,933.599976,985.599976,196.800003,695,44,700,60,460,62,537
178,1459513120,0.000030,23.890699,-0.600000,264.204010,23.719000,30.716000,30.716000,38.678001,7.962000,933.599976,985.599976,196.600006,695,45,700,64,460,62,537
179,1459513140,0.000030,23.891100,-0.590000,264.221985,23.723000,30.712999,30.712999,38.676998,7.963000,933.599976,985.500000,196.500000,695,51,700,55,460,57,537
180,1459513160,0.000030,23.890400,-0.590000,264.182007,23.726000,30.714001,30.714001,38.675999,7.962000,933.500000,985.400024,196.399994,695,50,700,60,460,26,537
181,1459513180,0.000030,23.890900,-0.590000,264.221985,23.730000,30.711000,30.711000,38.674000,7.963000,933.500000,985.500000,196.300003,695,47,700,69,460,51,537
182,1459513200,0.000030,23.890499,-0.600000,264.177002,23.733999,30.711000,30.711000,38.673000,7.962000,933.500000,985.400024,196.199997,695,47,700,67,460,65,537
183,1459513220,0.000020,23.891001,-0.600000,264.098999,23.737000,30.712999,30.712999,38.676998,7.964000,933.500000,985.299988,196.100006,695,50,700,60,460,73,537
184,1459513240,0.000030,23.890800,-0.600000,264.112000,23.740000,30.711000,30.711000,38.674000,7.963000,933.400024,985.299988,196.000000,695,46,700,63,460,75,537
185,1459513260,0.000030,23.890499,-0.600000,264.092010,23.743000,30.711000,30.711000,38.672001,7.962000,933.299988,985.299988,195.899994,695,51,700,54,460,53,537
