datetime,depth,temp,cond,chl,ntu,cdom,o2,o2temp
4b3e8a92,013b,57a2,0000,0033,0047,002e,6ac6,578b
4b3e8a9a,0310,57a2,0000,0032,0040,002e,6abf,578d
4b3e8a9e,0442,57a0,0000,002e,0045,003d,6ac4,578d
4b3e8aa2,0513,579d,0000,002f,0041,0026,6abf,578e
4b3e8aa6,060b,579c,0000,0030,0045,002f,6ac1,578f
4b3e8aaa,0694,579b,0000,0032,0044,003d,6ac4,5790
4b3e8aae,071d,5799,0000,0035,0043,003b,6ac5,5791
4b3e8ab2,06fb,5799,0000,002d,0043,0023,6ace,5792
4b3e8ab6,06b5,5798,0000,002c,0041,003d,6acd,5794
4b3e8aba,05d9,5797,0000,0035,003f,0035,6ac9,5796
4b3e8abe,0669,5797,0000,0035,0043,002b,6aca,5797
4b3e8ac2,0593,5796,0000,0032,0045,002e,6ac8,5799
4b3e8ac6,04d3,5795,0000,002c,0045,003e,6ac5,579a
4b3e8aca,0427,5795,0000,0036,0040,002f,6ac6,579d
4b3e8ace,038e,5795,0000,0037,0043,0031,6aca,57a0
4b3e8ad2,0336,5795,0000,002f,0041,002e,6ac7,57a3
4b3e8ad6,02ed,5794,0000,0030,0048,003e,6ac5,57a5
4b3e8ada,02a7,5794,0000,0036,0043,0038,6abf,57a7
4b3e8ade,0265,5794,0000,0032,0044,0027,6abd,57aa
4b3e8ae2,0229,5793,0000,0031,0043,0034,6ac2,57ac
4b3e8ae6,01f2,5794,0000,002d,0041,0037,6ac3,57af
4b3e8aea,01c0,5793,0000,002f,0044,0044,6abc,57b2
4b3e8aee,0192,5793,0000,0032,0042,002e,6ab8,57b4
4b3e8af2,0167,5793,0000,0035,0044,0021,6ab6,57b7
4b3e8af6,0141,5793,0000,002c,0044,002a,6abb,57ba
4b3e8afa,011d,5793,0000,0032,0047,0038,6ab3,57be
4b3e8afe,00fd,5794,0000,002e,0048,0035,6aaf,57c1
4b3e8b02,00df,5794,0000,0032,0048,002e,6ab1,57c4
4b3e8b06,00c5,5794,0000,0031,004a,0032,6ab1,57c8
4b3e8b0a,00ac,5794,0000,0031,004a,0032,6aae,57cb
4b3e8b0e,0095,5793,0000,0032,0042,0034,6aad,57d0
4b3e8b12,0082,5794,0000,0033,0046,003a,6aaf,57d3
4b3e8b16,0070,5795,0000,002d,0040,003c,6aac,57d5
4b3e8b1a,0060,5795,0000,0032,0044,0046,6aa3,57d9
4b3e8b1e,0051,5794,0000,0034,0044,003e,6aa5,57dd
4b3e8b22,0043,5795,0000,002e,0042,002b,6aa3,57e1
4b3e8b26,0038,5795,0000,002d,0045,0037,6aa3,57e3
4b3e8b2a,002d,5796,0000,0032,0049,003e,6a9f,57e6
4b3e8b2e,0024,5796,0000,002f,0046,0045,6aa5,57ea
4b3e8b32,001c,5795,0000,0035,0045,0030,6a9e,57ec
4b3e8b36,0015,5796,0000,0030,0045,002c,6a9a,57f0
4b3e8b3a,000f,5796,0000,002d,0044,002a,6a94,57f5
4b3e8b3e,000b,5796,0000,002c,0042,003d,6a99,57fa
4b3e8b42,0006,5797,0000,002f,0048,003e,6a98,57fe
4b3e8b46,0002,5797,0000,002a,0044,003d,6a94,5802
4b3e8b4a,0000,5797,0000,0032,003d,003f,6a8f,5805
4b3e8b4e,fffd,5797,0000,0032,0047,0041,6a8e,5809
4b3e8b52,fffb,5798,0000,002f,0042,003b,6a8c,580d
4b3e8b56,fffa,5798,0000,0032,0046,0036,6a8a,5811
4b3e8b5a,fff8,5798,0000,0033,0041,0025,6a8a,5814
4b3e8b5e,fff5,5798,0000,0030,0043,002d,6a8e,5818
4b3e8b62,fff4,5798,0000,002d,0043,002d,6a8b,581c
4b3e8b66,fff2,5799,0000,0031,0045,002c,6a84,5820
4b3e8b6a,fff0,5798,0000,002f,0044,0030,6a82,5824
4b3e8b6e,ffee,5799,0000,0032,0040,0029,6a7c,5826
4b3e8b72,ffee,5799,0000,0031,003e,0040,6a80,582b
4b3e8b76,ffeb,5799,0000,0031,0041,0046,6a7f,5830
4b3e8b7a,ffea,579a,0000,0031,0048,003f,6a78,5833
4b3e8b7e,ffe9,579a,0000,0033,0047,0032,6a78,5838
4b3e8b82,ffe8,579a,0000,002f,0041,0028,6a79,583c
4b3e8b86,ffe7,579b,0000,0035,0044,0035,6a79,583f
4b3e8b8a,ffe6,579b,0000,0030,0045,0040,6a77,5840
4b3e8b8e,ffe5,579b,0000,002f,0043,003e,6a75,5848
4b3e8b92,ffe4,579b,0000,0031,0045,0032,6a6f,584c
4b3e8b96,ffe3,579c,0000,0032,0044,001a,6a69,584f
4b3e8b9a,ffe2,579c,0000,002c,003d,0029,6a70,5853
4b3e8b9e,ffe0,579c,0000,0033,0042,001f,6a68,5858
4b3e8ba2,ffe0,579d,0000,0033,0043,0042,6a65,585c
4b3e8ba6,ffdf,579d,0000,0035,0042,0040,6a5d,5860
4b3e8baa,ffde,579e,0000,002f,0044,003f,6a62,5864
4b3e8bae,ffde,579e,0000,002c,0044,003b,6a5d,5869
4b3e8bb2,ffde,579e,0000,002f,004a,0032,6a5a,586b
4b3e8bb6,ffdd,579f,0000,0032,0046,002c,6a5a,586d
4b3e8bba,ffdc,579f,0000,0032,0041,002a,6a57,5872
4b3e8bbe,ffdc,579f,0000,0037,003e,0037,6a5c,5874
4b3e8bc2,ffdc,57a0,0000,002b,0040,003f,6a5a,5879
4b3e8bc6,ffdc,57a1,0000,0031,0044,0042,6a57,587e
4b3e8bca,ffdc,57a1,0000,002e,0046,0030,6a57,5882
4b3e8bce,ffdb,57a1,0000,002d,0043,002c,6a50,5887
4b3e8bd2,ffdb,57a2,0000,002d,0043,002b,6a4f,5889
4b3e8bd6,ffdd,57a2,0000,0030,0046,003e,6a4a,588d
4b3e8bda,ffde,57a2,0000,0031,0045,002f,6a49,5891
4b3e8bde,ffdf,57a3,0000,0037,0042,0021,6a46,5894
4b3e8be2,ffdf,57a2,0000,0033,003e,0039,6a49,5899
4b3e8be6,ffde,57a4,0000,002f,0044,0042,6a51,5899
4b3e8bea,ffdf,57a4,0000,0032,0044,002d,6a4a,589f
4b3e8bee,ffde,57a4,0000,0031,0045,002c,6a43,58a5
4b3e8bf2,ffde,57a5,0000,0035,003e,0034,6a41,58a9
4b3e8bf6,ffde,57a5,0000,0034,0045,0040,6a47,58aa
4b3e8bfa,ffdd,57a6,0000,0034,003f,003d,6a3f,58ae
4b3e8bfe,ffde,57a6,0000,002e,0047,002c,6a36,58b4
4b3e8c02,ffdd,57a7,0000,002f,0041,002c,6a38,58b5
4b3e8c06,ffdd,57a7,0000,002e,0042,0022,6a36,58ba
4b3e8c0a,ffdd,57a7,0000,0033,0042,002d,6a36,58bc
4b3e8c0e,ffdd,57a8,0000,0032,0043,003f,6a2f,58c3
4b3e8c12,ffdd,57a9,0000,002f,0041,003c,6a32,58c6
4b3e8c16,ffdc,57a8,0000,002b,003f,002a,6a2c,58c9
4b3e8c1a,ffdc,57a9,0000,0031,0042,0040,6a2d,58cb
4b3e8c1e,ffdd,57aa,0000,002f,0041,003c,6a2c,58d0
4b3e8c22,ffdc,57aa,0000,002f,0047,002f,6a2c,58d5
4b3e8c26,ffdc,57ab,0000,0034,0042,0022,6a2d,58d7
4b3e8c2a,ffdc,57ab,0000,0033,0046,0035,6a2b,58d8
4b3e8c2e,ffdc,57ab,0000,002f,0040,0040,6a20,58df
4b3e8c32,ffdb,57ac,0000,0032,0047,002e,6a1c,58e2
4b3e8c36,ffdb,57ac,0000,002d,0045,0027,6a27,58e4
4b3e8c3a,ffdb,57ad,0000,0031,0044,0032,6a24,58e7
4b3e8c3e,ffdb,57ad,0000,0030,0048,003e,6a1d,58eb
4b3e8c42,ffdb,57ad,0000,002e,0043,002d,6a22,58ef
4b3e8c46,ffdb,57ae,0000,0033,0041,0022,6a1a,58f3
4b3e8c4a,ffda,57ae,0000,0031,0044,0030,6a1b,58f4
4b3e8c4e,ffda,57af,0000,002f,0044,0040,6a1d,58f8
4b3e8c52,ffdb,57af,0000,002d,0047,002e,6a1e,58fc
4b3e8c56,ffd9,57af,0000,0035,0046,002c,6a14,58ff
4b3e8c5a,ffda,57b0,0000,0033,003b,0033,6a11,5903
4b3e8c5e,ffd9,57b1,0000,0032,0049,0042,6a0f,5907
4b3e8c62,ffda,57b0,0000,0030,0044,002c,6a12,590a
4b3e8c66,ffd9,57b1,0000,0033,0040,0024,6a12,590e
4b3e8c6a,ffd9,57b1,0000,0032,0043,0046,6a0a,5911
4b3e8c6e,ffd9,57b1,0000,002d,0042,003e,6a09,5914
4b3e8c72,ffd9,57b2,0000,0031,0045,0033,6a07,5916
4b3e8c76,ffd9,57b2,0000,0030,0041,0026,6a09,591a
4b3e8c7a,ffd9,57b2,0000,0034,0042,0040,69fe,591e
4b3e8c7e,ffd9,57b2,0000,002f,0043,0034,6a03,5921
4b3e8c82,ffd8,57b3,0000,0033,003f,0036,6a04,5923
4b3e8c86,ffd9,57b3,0000,0032,0041,003d,6a00,5927
4b3e8c8a,ffd8,57b4,0000,0034,0047,0039,6a03,592b
4b3e8c8e,ffd8,57b4,0000,0035,0042,002c,6a00,592e
4b3e8c92,ffd7,57b4,0000,0032,0046,002f,69fb,5931
4b3e8c96,ffd7,57b5,0000,0031,0042,0049,69fa,5935
4b3e8c9a,ffd7,57b5,0000,002d,0046,003e,6a02,5937
4b3e8c9e,ffd7,57b5,0000,0030,0046,002d,69f5,593a
4b3e8ca2,ffd8,57b6,0000,0031,0042,0024,69f8,593d
4b3e8ca6,ffd7,57b6,0000,0032,0040,003e,69f3,5941
4b3e8caa,ffd7,57b7,0000,002c,0043,004b,69f0,5945
4b3e8cae,ffd7,57b6,0000,0032,0040,003e,69ef,5948
4b3e8cb2,ffd7,57b7,0000,0032,0040,003c,69ef,594b
4b3e8cb6,ffd7,57b8,0000,0028,0041,003d,69ed,594e
4b3e8cba,ffd6,57b8,0000,0032,0049,0044,69eb,5951
4b3e8cbe,ffd7,57b9,0000,002a,003f,003e,69e6,5954
4b3e8cc2,ffd7,57b9,0000,002c,0040,003e,69ea,5957
4b3e8cc6,ffd6,57b9,0000,002d,0046,0036,69e7,595a
4b3e8cca,ffd6,57ba,0000,002d,0044,0028,69e7,595c
4b3e8cce,ffd7,57ba,0000,0037,0044,002c,69e8,595e
4b3e8cd2,ffd6,57ba,0000,0033,0043,0047,69e4,5962
4b3e8cd6,ffd6,57bb,0000,0030,004b,002f,69da,5966
4b3e8cda,ffd6,57bb,0000,0032,0044,002d,69e3,5968
4b3e8cde,ffd6,57bc,0000,0035,0043,003d,69df,5969
4b3e8ce2,ffd5,57bb,0000,002b,0043,0046,69e0,596d
4b3e8ce6,ffd6,57bc,0000,0031,004b,0032,69d7,5971
4b3e8cea,ffd6,57bc,0000,0032,0040,002e,69e1,5974
4b3e8cee,ffd5,57bc,0000,0034,0043,0028,69d5,5977
4b3e8cf2,ffd5,57bd,0000,002f,0045,003e,69d4,597a
4b3e8cf6,ffd5,57be,0000,0032,0041,0040,69d7,597e
4b3e8cfa,ffd5,57bd,0000,002e,0043,0039,69d3,5980
4b3e8cfe,ffd5,57be,0000,002f,0044,003e,69db,5982
4b3e8d02,ffd5,57be,0000,0032,0043,0047,69d2,5985
4b3e8d27,ffd4,57cf,0000,002e,0043,0038,69b9,599b
4b3e8d3b,ffd5,57d4,0000,0032,0041,002b,69ba,599f
4b3e8d4f,ffd4,57d7,0000,002f,0042,0022,69b6,59a7
4b3e8d63,ffd4,57db,0000,0030,0043,0028,69b8,59ad
4b3e8d77,ffd4,57dd,0000,002b,0041,003d,69b2,59b4
4b3e8d8b,ffd3,57df,0000,0032,004a,0030,69b1,59b7
4b3e8d9f,ffd3,57e2,0000,0030,0046,0035,69b2,59bd
4b3e8db3,ffd2,57e4,0000,0033,003f,0040,69b0,59c3
4b3e8dc7,ffd2,57e6,0000,0030,0047,0033,69a5,59c9
4b3e8ddb,ffd2,57e8,0000,0032,0040,0041,699f,59cd
4b3e8def,ffd1,57ea,0000,0032,0044,0031,699e,59d0
4b3e8e03,ffd1,57eb,0000,0033,004a,003e,699f,59d4
4b3e8e17,ffd0,57ed,0000,0035,0040,0020,69a3,59d5
4b3e8e2b,ffd0,57f0,0000,0030,0045,0029,699d,59da
4b3e8e3f,ffd3,57f1,0000,0032,0046,0041,699c,59de
4b3e8e53,ffd2,57f3,0000,002d,0045,002b,6997,59e3
4b3e8e67,ffd2,57f5,0000,002b,0046,0030,699c,59e2
4b3e8e7b,ffd1,57f7,0000,0032,0042,003a,6998,59e8
4b3e8e8f,ffd1,57f9,0000,0030,0042,0040,6999,59ec
4b3e8ea3,ffd0,57fa,0000,0032,0049,0035,6995,59ee
4b3e8eb7,ffd0,57fd,0000,0032,004c,0036,698f,59f1
4b3e8ecb,ffd0,57fd,0000,002d,0047,0031,6994,59f4
4b3e8edf,ffd0,57ff,0000,0031,0042,003d,698c,59f8
4b3e8ef3,ffcf,5801,0000,0034,003f,003d,698f,59fb
4b3e8f07,ffcf,5802,0000,0031,0042,002a,698e,59fe
4b3e8f1b,ffcf,5805,0000,0032,0041,0036,698b,5a02
4b3e8f2f,ffcf,5806,0000,0033,003d,003b,698d,5a05
4b3e8f43,ffcf,5807,0000,002d,0045,0037,6986,5a08
4b3e8f57,ffce,5809,0000,0036,0048,002e,6989,5a0a
4b3e8f6b,ffce,580b,0000,0030,0044,0031,6986,5a0c
